,Hotel_name,Location,Price,Discount,Rating
0,Capital O 80951 Hotel Radisson Suite,"India, Mumbai",2819,65%,104
1,OYO SilverKey Hotel Manas Residency,"Chembur East, Mumbai",2702,65%,410
2,OYO Hotel Airport Metro Near Chhatrapati Shivaji International Airport,"Andheri East, Mumbai",2289,64%,879
3,Collection O Hotel Kiwi International Near Chhatrapati Shivaji International Airport,"Andheri East, Mumbai",2094,66%,75
4,OYO Druv's Taj Palace Near Chhatrapati Shivaji International Airport,"Near Asalpha Metro Station, Dhumai Estate, Mumbai",2656,65%,686
5,Collection O Collection O Hotel Jayshree Domestic Airport,"Vile Parle East, Mumbai",3127,65%,588
6,OYO Hotel Blue Executive Near Chhatrapati Shivaji International Airport,"On main street, Near Saki Vihar complex, Sakinaka,Mumbai",2772,65%,1875
7,OYO Blue Pearl Residency Near Chhatrapati Shivaji International Airport,"On main street, Near Asalpha Metro Station, Ghatkopar, Mumbai",1921,65%,995
8,OYO Hotel Blue Sapphire Residency Near Chhatrapati Shivaji International Airport,"Near The Crescent Business Park, Sakinaka, Mumbai",2220,65%,1144
9,OYO Hotel Blue Sea Near Chhatrapati Shivaji International Airport,"On main street, Near Asalpha Metro Station, Ghatkopar, Mumbai",1921,65%,2051
10,Super OYO Hotel Divine Residency Near Phoenix Marketcity,"Near Chirag Nagar Police Station, LBS Marg, Mumbai",4069,65%,644
11,Capital O Hotel Adore Palace,"Sakinaka Jharimari Link Road, Mumbai",2092,66%,34
12,OYO Hotel Greenforest Near Airport Road Metro Station,"Near Axis Bank, Customs Colony, Mumbai",2247,67%,664
13,Capital O Hotel Pearl Near US Embassy,"Near Wajan Kata Bus Stop, Indira Nagar, Mumbai",2896,65%,119
14,OYO Anjali Hotel Mumbai,"Near Kanti Nagar, Andheri East, Mumbai",2535,67%,477
15,OYO Rana Residency Near Western Express Highway Metro Station,"Tolany Naka, Sher-e-Punjab Colony, Mumbai",1916,67%,589
16,Flagship The Mumbai Inn Near Chhatrapati Shivaji International Airport,"The Mumbai Inn 90 Feet Road Next To Peninsula Near Tilak Nagar Gate Sakinaka Mumbai, Mumbai",1863,67%,470
17,OYO Royal Inn Near Versova Beach,"Near Jankidevi Public School Road, Varsova, Mumbai",2740,67%,465
18,Capital O Hotel Zaid International NEAR L&T Sakinaka & IIT POWAI,"Near Huntsman Building, Marol, Mumbai",3273,65%,711
19,OYO Flagship Om Residency Near Airport Road Metro Station,"Near Ganesh nagar, Marol, Mumbai",2530,67%,16
20,SPOT ON Yatra Inn Near Lalbagh Botanical Garden,"Lalbagh, Bangalore",1040,64%,2617
21,OYO Townhouse 180 Jayanagar ,"Near Sagar Hospital, Tilak Nagar, Bangalore",1828,67%,3524
22,Super OYO Townhouse OAK Spruce Hotels A2 Indiranagar,"India, Bangalore",1423,75%,253
23,Super OYO Collection O Sabharwal Residency Near Lalbagh Botanical Garden,"Opposite Shanthinagar, Bangalore",1410,65%,429
24,OYO Townhouse Chic 364 Richmond Road Near Cubbon Park,"Near Baldwin Women College, Richmond Town, Bengaluru",2082,65%,1457
25,OYO Hotel Townhall,"Near Dhanlakshmi Bank, JC Road, Bangalore",1070,65%,1144
26,Collection O Hotel Hemadri Residency,"Opp Saraswati Kalyana Mantapa, Bangalore",872,67%,74
27,Super OYO Capital O Boulevard Elite Madiwala Near Ragigudda Sri Prasanna Anjanayeswamy Temple,"B T M Layout, Bangalore",1365,66%,2664
28,OYO Sai Ram Residency,"Cubbonpet Main Road, Bangalore",1092,67%,207
29,Super OYO  Design Oyo Townhouse OAK Clove Boutique Hotel Rajaji Nagar,"4th Block, Rajaji Nagar, Bangalore",3053,65%,1360
30,SPOT ON Hotel Relax Inn Near Banashankari Metro Station,"Banashankari 3rd Stage, Bangalore",645,77%,69
31,Super OYO Townhouse 385 Navya International Ramamurthy Nagar Near Phoenix Marketcity,"Near Rammamurthynagar Police Station, Bangalore",1274,67%,2655
32,OYO Sree Balaji Residency,"Agrahara Dasarahalli, Rajaji Nagar, Bangalore",907,67%,360
33,Super OYO Townhouse 238 Tierra Woods Near Halasuru Metro Station,"Halasuru, Bangalore",2276,65%,1675
34,Capital O Champion Lotus Near Mantri Square Mall,"Near IIFT, Vijayanagar, Bangalore",1339,65%,1342
35,Capital O Premium Hotel Victoria Heights Near Sri Someshwara Swami Temple,"Near St.Philomena's Hospital, Xavier Layout, Bangalore",1508,67%,957
36,Townhouse OAK SRK White Inn Near Ragigudda Sri Prasanna Anjaneyaswamy Temple,"Koramangala, Bangalore",1427,65%,1603
37,OYO Hotel Silver House Near Mantri Square Mall,"Arghar Dasrahalli Near Madhu Hospital Opp Maharaja Tent House Reliance Smart Building Magadi Main Road, Bangalore",844,65%,494
38,Varcity Emerald Near Ragigudda Sri Prasanna Anjaneyaswamy Temple,"Near KEB Colony, BTM Layout 1, Bangalore",879,65%,1965
39,Collection O Hotel Palm Tree,"Near Halasuru Metro Station, Ulsoor, Bangalore",2566,65%,1271
40,Super OYO Townhouse 385 Navya International Ramamurthy Nagar Near Phoenix Marketcity,"Near Rammamurthynagar Police Station, Bangalore",1274,67%,2655
41,Collection O Hotel Tiara Near Christ university,"Tavarekere Main Rd, Bangalore",1175,67%,644
42,Townhouse OAK SRK White Inn Near Ragigudda Sri Prasanna Anjaneyaswamy Temple,"Koramangala, Bangalore",1427,65%,1603
43,OYO Sai Ram Residency,"Cubbonpet Main Road, Bangalore",1092,67%,207
44,Super OYO Nar Comforts Near Majestic & near KSR Railway station,"NAR Comforts,13, G.K temple street, opp. Vijayalaxmi theater, Chickpet, Bangalore",1338,64%,1682
45,Flagship Hotel Royal Comfort Near Cubbon Park,"Gandhinagar, Bangalore",1357,65%,60
46,Super OYO Capital O Choice Regal Suites Near Ragigudda Sri Prasanna Anjanayeswamy Temple,"Centrally Located, Near Sagar Hospital, Hombegowda Nagar, Bangalore",1753,65%,1337
47,Capital O Champion Lotus Near Mantri Square Mall,"Near IIFT, Vijayanagar, Bangalore",1339,65%,1342
48,OYO Hotel Blue Inn,"Near Bilal masjid, Gurappanapalya, Bangalore",1351,67%,1393
49,OYO Hotel Silver House Near Mantri Square Mall,"Arghar Dasrahalli Near Madhu Hospital Opp Maharaja Tent House Reliance Smart Building Magadi Main Road, Bangalore",844,65%,494
50,Super OYO Flagship Vsv Avenue Hennur Near Sri Amruth Chithra Mandira," landmark Krishna Medical Store) Oposite Krishna Leela Grand Hotel, Bangalore",1264,65%,299
51,Super OYO  Design Oyo Townhouse OAK Clove Boutique Hotel Rajaji Nagar,"4th Block, Rajaji Nagar, Bangalore",3053,65%,1360
52,Collection O Hotel Palm Tree,"Near Halasuru Metro Station, Ulsoor, Bangalore",2566,65%,1271
53,OYO Townhouse 76427 Hotel Skyline Near Banashankari Metro Station,"B S K 2nd Stage, Bangalore",1406,65%,352
54,OYO Flagship HOTEL SKYSPACE Near Hare Krishna Hill,"Yeswantpur Near Railway Station, Bangalore",1140,65%,358
55,SPOT ON 810480 Canton Lodging And Boarding,"Karnataka, Bangalore",872,67%,17
56,Collection O Onyx International Near Ragigudda Sri Prasanna Anjaneyaswamy Temple,"Karnatakanull, Bangalore",1334,67%,332
57,OYO Mn Residency Near Ragigudda Sri Prasanna Anjaneyaswamy Temple,"Madiwala,  South Zone, Bengaluru, Bangalore South, Bangalore Urban, Karnataka, - 560034, India Bangalore.",1257,67%,1061
58,OYO Home Leva Homes Near Baiyappanahalli Metro Station,"Mahadevapura Zone, Bangalore",1236,65%,1013
59,Super OYO Capital O Chetana Inn,"Centrally Located, Near Shanti Niketan School, Kodigehalli, Bangalore",1352,64%,1549
60,Super OYO Capital O Choice Regal Suites Near Ragigudda Sri Prasanna Anjanayeswamy Temple,"Centrally Located, Near Sagar Hospital, Hombegowda Nagar, Bangalore",1753,65%,1337
61,Super OYO Capital O Blooms Stay Inn Near Snow City,"Bangalore Urban, Bangalore",2063,65%,663
62,Super OYO Townhouse 273 Hosur Main Road Bommanahalli Near Gopalan Innovation Mall,"Near krishna Theature Bommanahalli, Hosur main road, Bangalore",2302,65%,1983
63,OYO Nra Residency Near Rajarajeshwari Nagar Metro Station,"Rajarajeshwari Nagar, Bangalore",759,68%,416
64,Super OYO Flagship Vsv Avenue Hennur Near Sri Amruth Chithra Mandira," landmark Krishna Medical Store) Oposite Krishna Leela Grand Hotel, Bangalore",1264,65%,299
65,Super OYO Capital O SS Suites Near Ragigudda Sri Prasanna Anjaneyaswamy Temple,Above Vishal Mega mart,1513,67%,1488
66,Collection O Nandi Comforts,"Yeshwantpur, Bangalore",872,70%,52
67,Flagship Hotel Royal Comfort Near Cubbon Park,"Gandhinagar, Bangalore",1357,65%,60
68,Capital O Hotel Shanti Nivas Near Hare Krishna Hill,"Near Yeshwanthpur , Sri Raghavendra Layout, Bangalore",1159,65%,807
69,Capital O Prime Residency,"Near Perseverance HBR, Saint Thomas Town, Bangalore",1339,65%,795
70,Capital O Safari Rooms Near Snow City,"India Bangalore Karnatakaindia, Bangalore",1316,68%,160
71,Super OYO Capital O Chetana Clove,"Near Shanti Niketan School, Maruthinagar, Bangalore",1397,65%,1653
72,Super OYO Collection O 85404 Valleyton Park,"Near Manyata Tech Park,HBR Layout,Outer Ring Road,Bangalore",1261,68%,593
73,OYO Townhouse 76427 Hotel Skyline Near Banashankari Metro Station,"B S K 2nd Stage, Bangalore",1406,65%,352
74,OYO Flagship HOTEL SKYSPACE Near Hare Krishna Hill,"Yeswantpur Near Railway Station, Bangalore",1140,65%,358
75,SPOT ON Janapriya Lodge Near Hare Krishna Hill,"Bangalore Urban, Bangalore",781,67%,372
76,Santa Maria Near Indiranagar Metro Station,"Jeevan Bhima Nagar, Bangalore",1384,65%,707
77,Super OYO Townhouse 149 Siri Residency,"Bhuvaneswari Nagar, Bangalore",1716,64%,887
78,Super OYO Capital O High end Withinn Hotel Near Hare Krishna Hill,"Near NIAS, Mathikere Extension, Bangalore",1873,65%,993
79,Collection O Royal Elevar,"Dasarahalli, Bangalore",1018,65%,630
80,OYO Mn Residency Near Ragigudda Sri Prasanna Anjaneyaswamy Temple,"Madiwala,  South Zone, Bengaluru, Bangalore South, Bangalore Urban, Karnataka, - 560034, India Bangalore.",1257,67%,1061
81,OYO The Royal International Hotel,"Near Robert Bosch Company, Mangammanapalya, Bangalore",1140,65%,822
82,SPOT ON 76191 Sahara Lodge,"Yeshwanthapura, Bangalore",670,68%,353
83,OYO Hotel Golden Arch Near Palace Ground,"Near Vijayanagar police station, MC Layout, Bangalore",1077,67%,202
84,Collection O Onyx International Near Ragigudda Sri Prasanna Anjaneyaswamy Temple,"Karnatakanull, Bangalore",1334,67%,332
85,Collection O Hotel Supreme Suites Near Sri Amruth Chithra Mandira,"14/15 14 And 15 L V Complex Munireddy Layout Horamavu Banaswadi, Bangalore",1023,67%,126
86,Collection O Hotel Status Executive Room's,"Near Old Airport Road, Bangalore",1344,69%,39
87,Super OYO Collection O Ctc Gardenia Residency Near Lalbagh Botanical Garden,"Opp Urvashi Theatre, Bangalore",1921,65%,318
88,SPOT ON Srinivasa Boarding And Lodging Near Vijayanagar Metro Station,"Near N R Colony, Sajjepalya, Bangalore",670,67%,432
89,OYO Flagship 37297 N R Deluxe,"Near Prashant Hospital, Bangalore",649,85%,59
90,Capital O N R Comforts Near Nexus Mall Koramangala,"Koramangala, Bangalore",1095,64%,178
91,Capital O Royal Manyata,"Gate Number 4, Bangalore",1194,65%,854
92,Super OYO Townhouse 490 Indiranagar Extn,"Bangalore, Bangalore",1473,67%,923
93,Collection O Sln Suites,"Behind Baptist Hospital, Hebbal",1670,65%,244
94,Capital O Elite Stay Jp Nagar Near Ragigudda Sri Prasanna Anjaneyaswamy Temple,"6th Phase, Bangalore",1452,65%,926
95,Flagship Sai Vishram,"26/1 sheshadri Road  Anandrao Circle Gandhi Nagar, Bangalore",1061,65%,38
96,Super OYO Flagship Blooms Residency Near Baiyappanahalli Metro Station,"Bangalore East, Bangalore",1800,65%,750
97,OYO Royal Grand Residency Near Lalbagh Botanical Garden,"Bangalore Karnataka, Bangalore",1164,64%,586
98,OYO Flagship Varcity Plaza Near Ragigudda Sri Prasanna Anjaneyaswamy Temple,"Near Cross Road, Maruti Nagar, Bangalore",1272,75%,588
99,OYO 18544 Amm Residency,"Mavalli, Bengaluru",1191,67%,2
100,Townhouse 038 Global Wings Hotels Near Sri Amruth Chithra Mandira,"Kammanahalli, Bangalore",1517,65%,675
101,Flagship Gn Nelli Rooms Near CMR University,"Bengalore-43, Bangalore",1050,64%,240
102,Townhouse OAK Hotel Prime,"Near Karnataka Bank, Babusapalya Main Road, Bangalore",2061,65%,917
103,OYO Hotel Blue Inn,"Near Bilal masjid, Gurappanapalya, Bangalore",1351,67%,1393
104,OYO Hotel Fiesta Grand,"Near Mariyappa Road, Jayanagar Ward, Bangalore",1262,64%,225
105,Collection O Tierra Woods,"Bangalore , Bangalore",1628,65%,102
106,OYO Flagship 79381 DM Residency Near Goraguntepalya Metro Station,"Rajarajeshwari Nagar Zone, Bangalore",977,67%,179
107,OYO Flagship 811000 Atithi Comforts,"Yeshwantpur, Bangalore",981,67%,6
108,OYO Royal Inn Near Iskcon Temple Bangalore,"Near 14th Main Road, Rajaji Nagar, Bangalore",988,67%,278
109,OYO Flagship 810144 Sunder Nivas,"Yeshwantpur, Bangalore",911,67%,28
110,Super OYO Capital O King Suites -hennur Near D Mart,"East Zone, Bangalore",1293,65%,164
111,Super OYO Capital O Savi International Near Bengaluru Palace,"Near Mantri Square Mall, Sheshadripuram, Bangalore",2099,65%,1044
112,OYO Hotel Diva Residency Near Nayandahalli Metro Station,"Near Syndicate Bank, Gandhi Nagar, Banglore",1228,68%,20
113,OYO Home Exotic Stay Bsk 3rd Stage,"Katriguppe, Bangalore",1282,64%,568
114,Flagship Pride Inn,"14 Cross Hosur Main Road, Bangalore",1289,64%,373
115,OYO Hotel Turista,"Near Central Silk board, BTM Layout, Bangalore",910,67%,1086
116,Super OYO Flagship Majestic Near Lalbagh Botanical Garden,"Near Majestic Railway Station, Akkipete, Bangalore",1509,65%,1158
117,OYO Home Leva Homes Near Baiyappanahalli Metro Station,"Mahadevapura Zone, Bangalore",1236,65%,1013
118,Capital O Gn Suites Near OM SHAKTHI TEMPLE,"Near Sub Registrar ice, Banaswadi, Bangalore",1734,65%,771
119,OYO Townhouse 093 Ramamurthy Nagar Near Baiyappanahalli Metro Station,"Near Ramamurthy Nagar Signal, Bangalore,Karnataka",1901,65%,769
120,Collection O 812451 The Grand Budget Hotel,"Karnataka , Bangalore",1536,67%,93
121,Flagship My Own Nest Near Ragigudda Sri Prasanna Anjaneyaswamy Temple,"Near Srinivasa Temple, Bangalore",1342,65%,223
122,OYO Flagship 5590 Ujwal Residency,"Near Indian Oil Petrol Bunk, Divanarapalya, Bangalore",1179,67%,20
123,OYO Flagship 810304 New Pavithra Paradise,"No 462 3rd Phase 3rd Block Havanur Circle Basaveshwaranagar Bangalore, Bangalore",1071,64%,278
124,OYO Sri Sai Guru Comforts,"Near Kodigihalli Gate, Byatarayanapura, Bangalore",1159,65%,75
125,Flagship Elite Stay Near Ragigudda Sri Prasanna Anjaneyaswamy Temple,"Jp Nagar, Bangalore",1392,65%,14
126,SPOT ON 810681 Vasavi Residency,"Bangalor, Bangalore",725,70%,27
127,OYO Flagship 810484 Royal Galaxy Lodge,"05th road cross Iblur bus stop. opposite Colombia asia hospital.sarjapur outer ring road. , Bangalore",743,72%,661
128,Capital O 70991 Prime Square ,"Centrally Located, Near Kalyan Nagar Bus Stand, 1st stage, Bangalore",1377,65%,231
129,OYO Royal Residency Near Hare Krishna Hill,"Near Taj Yeshwantpur, M S K Nagar, Bangalore",1088,65%,254
130,OYO 8501 ABHIMAANI COMFORTS,Kanakpura main road metro pillar number 45 nearby Banashankari metro station JP Nagar,1403,65%,271
131,Flagship S M Residency Near Mysore Road Metro Station,"Nagarbhavi, Bangalore",1276,64%,14
132,Flagship Sree Nandanam Residency,"Bengaluru, Bangalore",1014,67%,837
133,OYO Townhouse 076 Hebbal,"Dasarahalli, Bangalore",1950,65%,514
134,Super OYO Exotica Hotels Near Ragigudda Sri Prasanna Anjaneyaswamy Temple,"Near Jayadeva Flyover, BTM Layout, Bangalore",1876,64%,126
135,OYO Flagship V R Residency Near Sri Amruth Chithra Mandira,"Centrally Located, Near 4th block, HBR Layout, Bangalore",1398,65%,96
136,Collection O 62387 Emara Grand Hotel,"H S R Layout, Bangalore",2489,65%,8
137,OYO Flagship 80878H Century Gardens,"Bengaluru, Bangalore",1412,65%,203
138,Hotel Telehaus International Near Lalbagh Botanical Garden,"Near Karnataka Bank, Shanti Nagar, Bangalore",2099,65%,99
139,OYO Townhouse 078 DODDA BANASWADI,"Near Udupi Upachar, Lakshmamma Layout, Bangalore",2082,65%,287
140,Flagship Hotel Amster Inn,"Near Mysore RD. Metro Station, FCI Layout, Bangalore",1500,65%,1
141,Collection O 812391 Sri Skanda Inn,"Venugopal Reddy Layout, Bangalore",1384,67%,4
142,Collection O B Six Hotel,"Kalasipalyam Main Road, Bangalore",2392,65%,159
143,OYO Flagship 810923 Hotel Shiva International,"Bangalore, Bangalore",1286,68%,13
144,Collection O Fortune Rooms,"Karnataka , Bangalore",1538,65%,14
145,Collection O Ira International Boutique Hotel,"India, Bangalore",2211,65%,7
146,OYO Flagship 81138 Gm royals,"Karnataka, Bangalore",643,69%,13
147,Collection O Metro O Comforts,"JP Nagar Metro Station, JP Nagar, Bangalore",1566,65%,23
148,OYO Flagship 810805  My Own Nest II Ramamurthy Nagar,"Devki Apparao Layout, Bangalore",1442,67%,90
149,Palette - Hotel Metro View Inn,"India, Bangalore",2601,47%,9
150,OYO Flagship 69693 The Royal Park ,"Near OYE Amritsar, New Tippasandra, Banglore",2339,65%,1
151,OYO Flagship 44601 Cloud Stay,"Near Sai Baba Temple, Kudlu Gate, Bangalore",1773,65%,417
152,Collection O 809961 New Royal Serenity Inn,"India , Bangalore",1772,65%,1248
153,Super OYO Flagship Archana Inn Near Lalbagh Botanical Garden,"Near Minerva Circle, JC Road, Bangalore",1189,65%,137
154,Collection O Premium Eden Au Lac Near Sri Someshwara Swami Temple,"Near Indiranagar Police Station, Indiranagar, Bangalore",1953,64%,200
155,OYO Flagship 92604 Sp Residency Near Ragigudda Sri Prasanna Anjaneyaswamy Temple,"Btm 2nd Stagenull, Bangalore",890,73%,185
156,OYO Flagship NR Residency Near Nexus Mall Koramangala,"Near Teacher's colony Park, Jakkasandra, Bangalore",1050,76%,249
157,OYO Flagship 7558 Galaxy Inn,"Shivaji Nagar, Bangalore",1781,65%,63
158,OYO Nr Royal Near Nexus Mall Koramangala,"Sector 6, HSR Layout Ward, Bommanahalli Zone, Bengaluru, Bangalore South, Bangalore Urban, Karnataka",1272,65%,1273
159,OYO Flagship 13043 SREE SAI SUITES,"Near SBI Bank, RT Nagar Main Road, Bangalore",1672,65%,2372
160,Super OYO Flagship Olivia Comforts Near Nexus Mall Koramangala,"Near Eat Street, Kormangala, Bangalore",2717,67%,4151
161,Super OYO Collection O Compact Green View Near Nexus Mall Koramangala,"Near Ejipura Bus stand, Ashwini Layout, Bangalore",598,71%,1101
162,Super OYO Flagship Varcity Phi Premium Pavilion Near Ragigudda Sri Prasanna Anjanayeswamy Temple,"B T M Layout, Bangalore",1361,64%,1995
163,Flagship White Fort Near Lalbagh Botanical Garden,"Dispensary Rd, Kalasipalya,Bangalore",572,68%,1762
164,Capital O Elegant Amethyst Business Hotel Near Ragigudda Sri Prasanna Anjaneyaswamy Temple,"5th Block, Jayanagar, Bangalore",576,72%,1434
165,Super OYO Hotel Subha Residency Near Cubbon Park,"Majestic, Bangalore",677,75%,431
166,Capital O Victorian Comforts Near Sri Someshwara Swami Temple,"Near Adams Creation, Victoria Layout, Bangalore",581,75%,165
167,Flagship Hotel Gurudev Residency Near Cubbon Park,"Gandhi Nagar, Bangalore",1519,65%,1004
168,SPOT ON Hotel Sri Thirumala Lodge,"Opp BHEL, Bangalore",960,67%,888
169,Collection O Naidu Palace Near Iskcon Temple Bangalore,"Near Dhobi Ghat junction, Rajajinagar, Bangalore",1066,67%,103
170,Super OYO Townhouse 258 Spruce Hotels Bellandur,"Bellandur, Bangalore",819,67%,129
171,Collection O 808132 Status Suites,"Bangalore , Bangalore",768,67%,798
172,OYO Exotic Stay Bg Road,"Bangalore Urban, Bangalore",699,80%,2919
173,SPOT ON A Class Suites Near Hare Krishna Hill,"Bangalore Urban, Bangalore",599,76%,943
174,OYO Varcity Park Near Ragigudda Sri Prasanna Anjaneyaswamy Temple,"Near SV Hospitals, Madiwala, Bangalore",576,77%,562
175,Flagship Aayush Corporate Stays Near Nexus Mall Koramangala,"Near Maharaja Signal, Kormangala, Bangalore",576,67%,709
176,OYO Shree Mookambika Guest House Near Sri Someshwara Swami Temple,"Kormangla, Bangalore",549,72%,1086
177,OYO Corner Golf View Near Sri Someshwara Swami Temple,"Domlur, Bangalore",808,74%,1320
178,Home Shiva Shakthi Inn Near Ragigudda Sri Prasanna Anjaneyaswamy Temple,"J P Nagar, Bangalore",899,65%,2881
179,Super OYO Hotel Resida Elite Service Apartments Near Sri Someshwara Swami Temple,"Near Domlur Bridge, Indiranagar, Bangalore",1049,67%,140
180,Super OYO Townhouse 610 Derawal Nagar,"Near Vinayak Hoptiat, Gujranwala Town, Delhi",2011,65%,3508
181,OYO Shubh Guest House,"C1/64 Main Sarvice Road Soniya Vihar 3 Rd Pusta, Delhi",1002,65%,337
182,OYO Townhouse 868 Dream Connect Near TDI Mall,"Wz-3 Opp Pillor No 322 Moti Nagar Delhi, Delhi",1282,64%,61
183,OYO Blue Diamond Near Jahangirpuri Metro Station,"Opp. Metro Pillar No. 102, Near Sai Baba Mandir, Adarsh Nagar, Delhi",921,67%,864
184,Flagship Hotel Diamond Tree,"New Delhi, Delhi",1252,65%,848
185,OYO The Chill Palace Near Haiderpur Metro Station,"North West Delhi, Delhi",1552,67%,4273
186,Flagship The Mayur Hotel ,"Tri Nagar, Delhi",1441,67%,170
187,OYO Hotel Landmark Inn,Near Karol Bagh Metro Station,576,67%,249
188,Flagship Hotel Happy Moments,"Near Divine Hospital, Delhi",759,67%,735
189,Collection O Radisson Blue Hotel Nearby Khajuri chowk-Signature Bridge,"Bhajanpura, Delhi",643,69%,427
190,Flagship Kashish Residency Near Model Town Metro Station,"Ashok Vihar-3, Delhi",1048,67%,180
191,OYO Flagship 812491 Hotel Siddhartha Guest House,"Seelampur, Delhi",811,68%,75
192,OYO Hotel New Tech India,"Near Jhandewalan, Nai Walan, Delhi",845,67%,23
193,Flagship Sr Residency Near CCD,"Block B, Delhi",549,69%,49
194,OYO Home Hotel New Singh Near Adarsh Nagar Metro Station,"Near Metro Pillar No 103, Delhi",899,77%,342
195,OYO 81212 White House Residency Near Haiderpur Metro Station,"108,Street Number 3, Shalimar Bagh Village, New Delhi",839,67%,168
196,OYO Flagship 810701 Mayura Residency,"Maharam Mohalla, Delhi",966,67%,2171
197,OYO Townhouse 816 The Diamond Tree Near Dilshad Garden Metro Station,D-75 near dilshad garden metro station,576,73%,1289
198,OYO Hotel Prince Near Haiderpur Metro Station,"Haiderpur Village, Delhi",666,67%,769
199,Flagship Hotel Grow More Near Shiv Mandir,"East Babarpur, Delhi",951,67%,610
200,Super OYO Townhouse 057 Gujranwala Town Near Azadpur Metro Station,"Tehsil, Delhi",996,67%,545
201,OYO Hotel J Joy,"MAIN FAIZ ROAD  Above SBI BANK), KAROL BAGH",1321,70%,1807
202,OYO Hotel Sun City Near Gurudwara Shri Bangla Sahib,"Near Karol Bagh, Channa Market, Delhi",799,73%,103
203,OYO Sushma Ssadan,"Sawan Park Ashok Vihar Phase 3 Model Town Tehsil, Delhi",1384,67%,15
204,OYO Flagship 2064 Hotel The Spot,"New Delhi, Delhi",599,66%,118
205,OYO Hotel City Castle,"Near Karol Bagh, Nai Walan, Delhi",916,67%,17
206,Flagship Hotel S Inn,"Paharganj New Delhi, Delhi",575,72%,11
207,OYO Flagship 81012 S P Rooms,"Mahendra Park, Delhi",1768,65%,148
208,OYO Kochar Plaza Near Satyam Inox Patel Nagar,"Near Liberty Cinema, New Rohtak Rd, Delhi",1084,67%,43
209,OYO Flagship 810341 Hotel Royal Plaza,"wz 523/1 bali nagar extension, Delhi",1794,65%,7
210,Collection O 811864 Hotel Aura Stay,"Paharganj, Delhi",776,67%,62
211,Flagship Hotel Happiness Inn Near Tdi Mall,"Karampura, Delhi",1236,67%,4
212,OYO Flagship 810642 Hotel KD Homes,"wazirabad near book shop opposite mohalla clinic Delhi, Delhi",1115,67%,36
213,OYO Ms Residency,"Near to Aarash nagar metro station pillar no:-104, Delhi",1490,67%,65
214,OYO Flagship 35359 Hotel Victoria Dx,"Near New Delhi Railway Station, Delhi",851,67%,17
215,OYO 811030 Ocean Guest House,"Brij Puri, Delhi",1156,67%,28
216,OYO Flagship 81042 Step Inn International,"Delhinull, Delhi",1152,67%,2
217,Flagship Hotel Sun Shine,"Shakarpur Main Market, Delhi",1005,67%,913
218,OYO Flagship 811700 Hotel Iconiic Residency Inn,"Old Rajendra Nagar delhinull, Delhi",1156,67%,325
219,OYO Flagship 811671 Hotel Swagat Dx,"New Delhi, Delhi",910,67%,310
220,OYO 78699 Hotel Klick International,", Delhi",807,70%,28
221,Collection O Hotel Ambience Near Gurudwara Shri Bangla Sahib,"Near New Delhi Railway Station, Delhi",583,67%,197
222,OYO Hotel Delhi Delight Near Sarai Rohilla Railway station,"Near Sarai Rohilla Railway Station, Delhi",1996,64%,102
223,Flagship Hotel V K Stay,"Aarakashan Road  near Delhi Railway Station), Delhi",1360,65%,1036
224,OYO Kl Khari Near Satyam Inox Patel Nagar,"Industrial Area, Delhi",899,69%,992
225,OYO Shoolin Residency Near M2k Cinemas Rohini,"Near M2k Cinema, Delhi",770,66%,3198
226,Flagship Dream Inn Near Akshardham,"Chander Vihar Near Aggarwal Sweets East Delhi, Delhi",651,71%,17
227,OYO Townhouse 511 Prakash continental Near Netaji Subhash Place Metro Station,"Netaji Subash Palace, Delhi",1670,65%,651
228,OYO Hotel Sun Palace,"Karol Bagh, Delhi",1000,67%,787
229,OYO Townhouse 118 Gagan Vihar Near V3S Mall,"Near RG Stone hospital , Hargobind Enclave, Delhi",1004,67%,10
230,OYO Flagship 80769 Seven Heaven ,"B-54 Lawrence Road Industrial Area Near Lawrence Road, Delhi",1670,65%,311
231,Capital O Season Grand Near Pitampura metro station,Near Pitampura metro station,799,79%,560
232,OYO 74596 Dream Town Near V3S Mall,"Shahdara, Delhi",1444,67%,389
233,OYO Flagship 812357 Hotel Landmark Deluxe,"Karol Bagh, Delhi",2101,65%,18
234,Flagship King Stay Near Tdi Mall,"Block N, Delhi",1414,67%,113
235,Flagship Hotel BR International,"Paharganj, Delhi",581,67%,31
236,OYO Hotel Bramhaputra,"Centrally Located, Near New Delhi Railway Station, Delhi",599,74%,171
237,OYO Flagship 27928 Hotel Vintage ,"Near RK Ashram Metro station, Delhi",549,82%,235
238,Flagship Ram Bnb,"Faiz Road Karol Bagh New Delhi, Delhi",1029,67%,606
239,OYO Flagship 80289 Hotel Neha Inn Near Jama Masjid,"Paharganj  near Delhi Railway Station)null, Delhi",1628,65%,16
240,Flagship Hotel Cozzy Homes Stay Near Gurudwara Shri Bangla Sahib,"Raje Der Nagar, Delhi",770,66%,98
241,Flagship Rs Hotels Near M2k Cinemas Rohini,"Shiva Market, Delhi",910,67%,757
242,OYO Townhouse 1130 262 Kailash Enclave Near M2K Cinemas Rohini,"Harsh Vihar, Delhi",576,67%,551
243,OYO Flagship 66745 Le Orange,"8880-81, Gali Number 2, Multani Dhanda, Paharganj, New Delhi, Delhi - 110055",1345,65%,918
244,OYO Le Alfanso Near Jama Masjid,"Near New Delhi Railway Station, Delhi",599,74%,2
245,OYO Hotel Park View Near Adarsh Nagar Metro Station,"Near Adarsh nagar, Matmy Memar, Delhi",957,67%,1343
246,Flagship Green High Near Laxmi Nagar Metro Station,"NEAR FRUIT POWER, Laxmi Nagar Metro Station, Delhi",839,67%,29
247,OYO Townhouse 286 Near Kohat Enclave Metro Station ,"Near Pitampura Metro Station, Delhi",744,68%,82
248,OYO Flagship 69760 Hotel Anchal Deluxe,"Near New Delhi Railway Station, Delhi",731,70%,722
249,Collection O Ramji 7 Grand Near Tdi Mall,"Near Kirti Nagar Metro Station, Delhi",852,69%,1020
250,Collection O Metro View Ashok Vihar Near Shalimar Bagh Metro Station,"Pocket C 1, Delhi",1481,65%,82
251,OYO Flagship 81569 The Red Rose Inn,"India, Delhi",677,75%,856
252,OYO Hotel Grand Peepal,"Near Karol Bagh metro, WEA, Delhi",1005,67%,6
253,OYO Hotel J P Inn Near Satyam Inox Patel Nagar,"Near Patel Nagar Metro, Block 1, Delhi",1360,65%,80
254,OYO Flagship R K Residency Near Jhilmil Metro Station,"488/5a Mcd Primary School Dilshad Garden, Delhi",549,69%,319
255,Meet You There Shakarpur,"Shakarpur Laxmi Nagar Metro, Delhi",1767,65%,395
256,Hotel City Plaza,"Near Laxmi Nagar, Delhi",1360,65%,757
257,Flagship Hotel R.k Near Akshardham,"Near South Ganesh Nagar, Delhi",996,67%,31
258,Collection O Hotel Green Palace Near V3S Mall,"H.no.-a3 Block A Jagat Puri Red Light Near Sbi Bank Jagat Puri East Delhi, Delhi",595,68%,15
259,Super OYO 703579 Flagship Santosh Residency Near V3s Mall,"Vishwas Nagar, Delhi",1414,67%,166
260,OYO Hotel Park View Near Adarsh Nagar Metro Station,"Near Adarsh nagar, Matmy Memar, Delhi",1767,65%,6
261,OYO Flagship 80289 Hotel Neha Inn Near Jama Masjid,"Paharganj  near Delhi Railway Station)null, Delhi",731,70%,4
262,OYO Flagship 81012 S P Rooms,"Mahendra Park, Delhi",1360,65%,4
263,OYO Hotel Crown Continental Near Sarai Rohilla Railway Station,"11005, Delhi",800,67%,53
264,Hotel City Plaza,"Near Laxmi Nagar, Delhi",1257,65%,65
265,Collection O 811248 Hotel Crystal Stay,"old Arjun Nagar, Delhi",1705,65%,38
266,OYO 811030 Ocean Guest House,"Brij Puri, Delhi",996,67%,262
267,OYO 804648 Hotel SP Deluxe ,"Near Gurudwara Shri Bangla Sahib, New Delhi",1226,67%,864
268,Flagship Hansa Residency Near Akshardham,"Laxmi Nagar, Delhi",852,69%,18
269,Flagship Hotel Dp Palace Near Jama Masjid,"Delhi, Delhi",1449,59%,12
270,Flagship 18618 Ocean Blue Residency Near V3S Mall," A-14 Pridarshni Vihar Laxminagar, Delhi",1943,65%,5
271,OYO The Chill Palace Near Haiderpur Metro Station,"North West Delhi, Delhi",1314,67%,141
272,OYO Flagship 27928 Hotel Vintage ,"Near RK Ashram Metro station, Delhi",1481,65%,16
273,OYO Flagship 805147 Hotel Sona International Near Gurudwara Shri Bangla Sahib,"Paharganj  near Delhi Railway Station)null, Delhi",1360,65%,33
274,OYO Flagship 811430 Hotel Mayur Inn,"B-3 Near DA BLOCK SHALIMAR VILLAGE, Delhi",1334,65%,3
275,OYO Hotel Emporio Near Jama Masjid,"Near Shela Cinema, DB Gupta Road, Delhi",989,64%,82
276,OYO Flagship 66745 Le Orange,"8880-81, Gali Number 2, Multani Dhanda, Paharganj, New Delhi, Delhi - 110055",696,79%,141
277,Flagship Deva Guest House Near Johari Enclave Metro Station,"Ganga Enclave Delhi, Delhi",1360,65%,65
278,OYO Flagship 811181 Golden Key Inn,"plot no 341 Shalimar village opposite railway live, Delhi",2048,67%,12
279,OYO Flagship R K Residency Near Jhilmil Metro Station,"488/5a Mcd Primary School Dilshad Garden, Delhi",632,75%,22
280,OYO Hotel Emporio Near Jama Masjid,"Near Shela Cinema, DB Gupta Road, Delhi",909,67%,125
281,Flagship Hansa Residency Near Akshardham,"Laxmi Nagar, Delhi",2306,67%,33
282,OYO Flagship 805147 Hotel Sona International Near Gurudwara Shri Bangla Sahib,"Paharganj  near Delhi Railway Station)null, Delhi",2190,70%,72
283,OYO Flagship 83552 Anchal Guest House,"India, Delhi",2048,67%,38
284,Collection O 811806 Orange Saffron,"Shakurpurnull, Delhi",799,75%,132
285,OYO Hotel Town ,Near Karol bagh metro station,1470,69%,191
286,Flagship Deva Guest House Near Johari Enclave Metro Station,"Ganga Enclave Delhi, Delhi",576,80%,263
287,Flagship Hotel Hans Dx Near Jama Masjid,"Paharganj  near Delhi Railway Station), Delhi",1195,67%,262
288,Flagship Hotel Dp Palace Near Jama Masjid,"Delhi, Delhi",1130,67%,6
289,SPOT ON Shyam Palace Near Gurudwara Shri Bangla Sahib,"Near R K Ashram Metro Station, Pahar Ganj, Delhi",1817,65%,9
290,Capital O Hotel Sunberry,"New Delhi, Delhi",859,71%,62
291,OYO 80168 Green Villa,"Near KOSMOS Hospital, Anand Vihar, Delhi C-61 Above SBI Bank",1049,65%,123
292,Flagship 18618 Ocean Blue Residency Near V3S Mall," A-14 Pridarshni Vihar Laxminagar, Delhi",626,73%,1
293,OYO Flagship 80919 Hotel Vinayaka Inn Near Gurudwara Shri Bangla Sahib,", Delhi",1692,66%,3577
294,Flagship Hotel City Heart,"Paharganj , Delhi",949,64%,138
295,OYO TOWNHOUSE  R K Residency Near Mother dairy gate no. 2,"Flat No 3 Near Fair Deal South Ganesh Nagar, Delhi",1820,65%,115
296,Collection O Dayz Inn Deluxe Near Satyam Inox Patel Nagar,"B Block Lawrence Road Industrial Area Near Keshavpuram Fire Station Delhi 110035, Delhi",449,86%,270
297,OYO Flagship 80818 Hotel Metro Inn Near Gurudwara Shri Bangla Sahib,"Aram Bagh Paharganj Delhi, Delhi",1045,67%,2846
298,SPOT ON Hotel Silver Palace Dx,"Near RK ASHRAM METRO STATION, Pahar Ganj, Delhi",1008,67%,72
299,SPOT ON 812212 Country Residency,"Laxmi Nagar, Delhi",918,67%,22
300,Flagship Kashish Residency,"single storey, Delhi",953,67%,352
301,OYO Townhouse 738 Family In,"Raj Block Naveen Shahdara Delhi, Delhi",1130,64%,1215
302,Super OYO Collection O Shalimar Bagh Near Haiderpur Metro Station,"Shalimar Village, Delhi",1668,67%,3
303,Flagship Hotel Signature Village,"Near KD Campus, Gali No. 6A, Gopalpur Village",1793,64%,2
304,Flagship Good Will Near Haiderpur Metro Station,"Gobind Mohalla, Delhi",1142,67%,2
305,OYO Flagship 84596 Hotel North Campus,"Civil Lines Tehsilnull, Delhi",1788,65%,1
306,OYO Flagship 811530 Bed Box,"gali no 1 kamla nagar, Delhi",1232,67%,34
307,Collection O Model Town Metro View Near Model Town Metro Station,"Near Model Town Metro Station, Delhi",1262,64%,7286
308,OYO Flagship 79243 Hotel Greenwoods,"Paharganj, Delhi",1036,67%,324
309,OYO Flagship 811844 Yes Sir Guest House,"PAHARGANJ, Delhi",777,75%,1945
310,SPOT ON Jain House Near V3s Mall,"Near East Azad Nagar, Azadnagar, Delhi",1747,65%,1925
311,OYO Flagship 811980 Hotel Rainbow,"Block A kewal park extension opposite metro pillar number 78 Azadpur Delhi 110033, Delhi",688,72%,1688
312,Collection O 23641 Hotel Cozy Vibes Stay,"Near Inderlok Metro Station, Anandnagar, Delhi",627,73%,5595
313,OYO Flagship 81175 Hotel Moon Stay,"New Delhi, Delhi",909,67%,1558
314,Flagship Crown Town Guest House,"near by Mandoli Jail Back Side, Delhi",1614,65%,990
315,OYO 811874 Hotel Maharaja,"Address- Shop No : 30-32-34 Old Market Main Bus Stand Timarpur Delhi 110054.  Opposite DTC Bus Stand, Delhi",679,68%,94
316,OYO Flagship 812028 Brownie,"BS Colony Vishwas Nagar Delhi 110032, Delhi",984,67%,5054
317,SPOT ON 812286 Shivam Guest House ,"3 Katra baryan laal Kuan farash khana Chandni chowk, Delhi",1587,65%,1555
318,Flagship Mannat Residency Near Shiv Vihar Metro Station,"Near David School, Delhi",1912,64%,3064
319,OYO Flagship 811723 Hotel Sai Ram,"Azadpur, Delhi",1005,67%,690
320,Super OYO Townhouse 143 Hotel Royal Garden Near park Street Mullick bazar crossing,"Near Jameson Inn, Park St, Kolkata",1106,67%,3237
321,Flagship The Nest Inn Near Acropolis Mall,"Near Raj Market, Kolkata",2032,65%,194
322,Flagship Royal Plaza Near Acropolis Mall,"Near GST Bhawan, Ruby, Acropolis Mall",890,65%,5158
323,Collection O Hotel Hamza International Near Howrah Bridge,"Near College Street, MG Road, Kolkata",1086,67%,1162
324,Super OYO Townhouse 1050 Centre Point Inn Near Esplanade Metro Station,"Beside K C Das Sweet Esplanade Post ice, Kolkata",791,67%,1684
325,OYO Townhouse 229 Hotel Mannat International Near Science City Topsia,"Near Bypass Connector, Kolkata",1345,65%,152
326,Super OYO Collection O Ketan Regency Near Acropolis Mall,953 Purbachal Road adapt House Prince Park Kalikapur  in lane between Tata chroma showroom & Yamaha Moters Showroom,576,71%,661
327,Townhouse Oak Hotel Lake View Royal Near Science City,"East Topsia Road, Kolkata",1071,67%,1732
328,Flagship R A Homestay Near Acropolis Mall,"Nitai Nagar, Kolkata",990,67%,2324
329,Collection O 74257 Gokul Residency,"Near Emami City, Nagerbazar, Dum Dum, Kolkata",925,67%,326
330,Super OYO Collection O Hotel Green Leaf Near Acropolis Mall,"Kasba, Kolkata",696,76%,1652
331,Super OYO Townhouse 726 Hotel All In One Near City Centre Salt Lake,DL-34 Karunamoyee Near Anandalok Hospital Bidhannagar Saltlake,1380,67%,1178
332,OYO G R Hospitality,"VIP Road Baguihati Kolkata Airport Near Ladies Hostel, Narayantala",820,69%,1063
333,SPOT ON Silver Green Near Netaji Subhash Chandra Bose International Airport,"Mondal Ganthi Road, Kaikhali, VIP Road Kolkata 700052, West Bengal",1006,67%,823
334,OYO A Retro Near Rdb Cinemas,"Near Tank N0.3, New Town, Rajarhat, Kolkata",1753,65%,695
335,Super OYO Townhouse 75779 The Royal Retreat,"Kolkata International Airport, Belghoria Express Way Noapara & Baranagar Metro Station",1050,69%,725
336,OYO Kuber Residency Near Birla Mandir,"Near Tagore Park, Kasba, Kolkata",1241,65%,756
337,Collection O Aafreen Tower Near St. Thomas's Church,"Esplanade, Kolkata",1136,68%,914
338,Flagship Hotel Shanavi Chinar Park,"29/2 Sayan Abasan, Nishi Kanan, Beside AR Motors, Chinar Park, Kolkata",1458,64%,17
339,Flagship Sonar Bangla Guest House Near Acropolis Mall,"Near G S T Bhawan, Kolkata",576,80%,1094
340,Flagship Royal Palace,"Near Acropolis Mall, Purba Abasan, Kolkata",1071,67%,189
341,OYO Diamond Plaza Near Acropolis Mall,"Kasbah Northnull, Kolkata",955,67%,81
342,Flagship Hotel New Aamaze Inn Near Acropolis Mall,"Near Vivanta Hotel, Kolkata",777,75%,822
343,Flagship Delightful Stay Em Byepass Near Birla Mandir,"Uttar Panchanna Gram, Kolkata",1023,64%,1807
344,Super OYO Hr Inn Near City Centre Salt Lake,"Bidhannagar, Kolkata",1256,67%,31
345,Super OYO SilverKey Deshapriya Park Near Kalighat Kali Temple,"Near EDEN GROUP BUILDING, Manoharpukur, Kolkata",576,80%,828
346,OYO Fantasy Stay Near City Centre Salt Lake,"Near Sector 1, Bidhan Nagar, Kolkata",820,69%,733
347,Collection O De Sivalika Boutique Near Dakshineswar Kali Temple,"Grand Trunk Road, Belur Math,Kolkata",1050,69%,556
348,Flagship Majestic Inn Near Bidhanagar Station,"South Dumdum, Kolkata",816,67%,54
349,Collection O Premium Hotel ,"1/B/24, AL BLOCK, STREET NO.22,NEW TOWN, RAJARHAT, KOLKATA",1345,65%,667
350,Flagship Diamond Regency Near Birla Mandir,"Near Acropolis Mall, Kolkata",688,72%,1318
351,Flagship Hotel Dreamline Near Acropolis Mall,"Near Sbi E-cornernullnull, Kolkata",611,72%,1188
352,Collection O Motisarai Near Birla Mandir," Park Street, Kolkata",1164,67%,65
353,OYO Pinnacle Auberge,Chinar Park Kolkata International Airport Beside Spencers Rajarhat Main Road,1084,67%,649
354,Capital O Fortune Inn Near Birla Mandir,"Kasba, Kolkata",2185,65%,674
355,Capital O Kabita Guest House Near Acropolis Mall,Mukundapur Main Road Seven Maddox Square Multi cuisine Restaurant Kolkata EM Bye Pass Opposite Dr. Devi Shetty Hospital,2082,65%,68
356,OYO Townhouse 567 MB International,"Beniapukur, Kolkata",746,67%,349
357,Flagship Hotel Divira Inn,"New Town, Kolkata",949,71%,637
358,Super OYO Sagorika Inn,Chinarpark Amenia; Arsalan,549,86%,497
359,Capital O Hotel Gardenia Near Birla Mandir,"Near Laxminarayan Temple, Sarat Bose Road, Kolkata",1654,67%,37
360,Flagship Hotel Rockstar Near Birla Mandir,Kolkata Opposite Bangladesh High Commission) Near A.J.C Bose Flyover,1229,65%,1165
361,OYO Flagship Vicky Guest House Near City Centre Salt Lake,"Tcs Gitobitan, Kolkata",1458,64%,117
362,OYO Rooms 91148 Hotel Stay Inn,"Action Area I, Kolkata",1256,67%,637
363,Super OYO Townhouse 095 Akash Ganga Park Circus Near Birla Mandir,"Beniapukur, Kolkata",1030,67%,1115
364,Super OYO Trisha Guest House,"Behind New Life Nurshing Home, Oppssite Arati cinema, Sahabagan, Kolkata",1413,65%,35
365,Flagship Santoshi Banquet And Marriage Hall Near St. Thomas's Church,"Kulia, Kolkata",1339,67%,489
366,OYO Starlight Guest House Near Birla Mandir,"Shantipally Near Acropolis Mall, Kolkata",1636,65%,51
367,Super OYO Capital O 700752 Hotel Dak Plaza,"Near Axis Mall, CE Block, Newtown, Kolkata 700156",993,67%,1299
368,OYO Flagship 86727 New Diamond Palace,"Kolkata 700107, Kolkata",1334,72%,94
369,Collection O Hotel Paradise Near Chinar Park,"Kolkata West Bengal Kolkata, Kolkata",816,67%,349
370,OYO Hotel City Of Joy,"Salt Lake, Kolkata",2082,65%,17
371,OYO Red Velvet Classic Near Netaji Subhash Chandra Bose International Airport,Kaikhali Above IndusInd Bank ATM Kolkata International Airport 02 Hotel VIP Road,1084,67%,394
372,OYO Flagship Monurama Homestay Near Acropolis Mall,"Purba Diganta, Kolkata",2185,65%,32
373,OYO Green Leaf Hospitality Near City Centre Salt Lake,FD 390 SECTOR 3 SALT LAKE CENTRAL PARK MANI SQUARE CITY CENTRE 1,929,70%,28
374,Flagship Relax View Dumdum Park Near City Centre Salt Lake,"Dum Dum Park, Kolkata",1213,67%,117
375,"Super OYO 22566 Red Velvet Inn Near Chinar park,Airport","Near Chinar Park, Backside of NPG Hotel, Opposite Charnock Hospital",1156,67%,35
376,Capital O Krish Residency,"Near Action Area I, New Town Bus Stand DLF1, Kolkata, West Bengal",1023,64%,674
377,Collection O Avenue Inn Near VIP Road,"288/2 Bangur Avenue Block B, Near Bangur Swimming Pool Jessore Road Diamond Plaza Mall Nagerbazar ",1126,65%,189
378,Super OYO Flagship 89087 Brill Rooms Saltlake City Centre,"Saltlake, Kolkata",1426,65%,235
379,Super OYO Collection O The Coco Inn Near South City Mall,"Near 13C Bus Stand, Regent Estate, Kolkata",929,67%,20
380,Flagship Kalighat,"Near Raja Santosh Road, Alipore, Kolkata",1257,65%,141
381,Flagship R A Homestay Near Acropolis Mall,"Nitai Nagar, Kolkata",1323,68%,34
382,Collection O Hotel Paradise Near Chinar Park,"Kolkata West Bengal Kolkata, Kolkata",949,61%,141
383,OYO Flagship 812089 Laxmi Guest House Jadavpur,"46 Raja S.C.Mallick Road  Raja S.C Mallick Road, Kolkata",878,67%,142
384,Flagship Hotel Dreamline Near Acropolis Mall,"Near Sbi E-cornernullnull, Kolkata",3114,65%,60
385,OYO Padmavati Projects Pvt Ltd Near Netaji Subhash Chandra Bose International Airport,"Biswa Bangla Sarani Behind Binany Building, Chinar Park, Beside NPG Hotel, Nibedita Apartment , Kolkata 700157",1474,68%,474
386,Collection O 811014 Hotel Wow,"SALT LAKE, Kolkata",1023,64%,345
387,Flagship Priyangshu Inn,"Madhurdaha, Kolkata",1188,65%,1299
388,Flagship Relax View Dumdum Park Near City Centre Salt Lake,"Dum Dum Park, Kolkata",1034,67%,32
389,Collection O Avenue Inn Near VIP Road,"288/2 Bangur Avenue Block B, Near Bangur Swimming Pool Jessore Road Diamond Plaza Mall Nagerbazar ",1339,65%,19
390,OYO Flagship 812161 Hotel Asha Inn,"BIDHANNAGAR, Kolkata",1041,65%,397
391,Super OYO Capital O 700752 Hotel Dak Plaza,"Near Axis Mall, CE Block, Newtown, Kolkata 700156",1463,64%,165
392,OYO Pinnacle Auberge,Chinar Park Kolkata International Airport Beside Spencers Rajarhat Main Road,1314,72%,619
393,OYO Maa Tara Guest House Near Acropolis Mall,"Near R.N.Tagore Hospital, Nitainagar, Kolkata",1680,65%,125
394,Flagship Hmb Guest House Near Salt Lake,"Sector II Salt lake water tank no 8, Kolkata",1660,64%,7
395,Flagship Hotel Red Rose Near Noapara Metro Station,"Dum Dum, Kolkata",1334,65%,141
396,OYO Townhouse 444 Heera Holiday Inn Near St. Thomas's Church,"51,Elliot Road Park Street Near Assembly Of God Church Adjacent 144668:1076985",1156,68%,141
397,Collection O Kyd Guest House Near Indian Museum,"700001, Kolkata",1698,65%,34
398,SPOT ON 812338 Om Palace Guest House,"Near Jalsaghar Netaji Nagar, Kolkata",2082,65%,35
399,OYO Ma Kali Guest House Near City Centre Salt Lake,"Near FD Block, Bidhannagar, Kolkata",1329,65%,428
400,OYO Flagship 90803 Sweet Grove,"Sector V, Kolkata",626,79%,394
401,OYO The Olive Near City Centre Salt Lake,"Near Bus Stand, Anandaloke Hospital, Cl Block, Kolkata",1308,65%,621
402,OYO Hotel Maruti Lodging,"Above Reliance Trends, Raghunathpur, Kolkata",599,82%,158
403,Flagship Kalighat,"Near Raja Santosh Road, Alipore, Kolkata",599,77%,42
404,Collection O 811014 Hotel Wow,"SALT LAKE, Kolkata",949,68%,61
405,OYO Flagship 805260 Saltlake Palace,"Salt Lakenull, Kolkata",1252,67%,8
406,Flagship Amaris Stay Hub Near Science City,"171D/1F/2, 49 Picnic Garden Road, VIP Bazar,  EM Bypass, Near Science City",699,80%,80
407,Flagship Nayak Palace Inn Near Birla Mandir,"Ballygunge, Kolkata",1099,67%,343
408,OYO Hotel Nest Near St. Thomas's Church,"Near Bata More, Royd Street, Kolkata",1437,67%,5
409,OYO Flagship 76211 Honey Regency Near City Centre Salt Lake,"E C Block, Kolkata",850,67%,334
410,Collection O 81128 Enigma,"Ballygunge, Kolkata",1087,67%,55
411,OYO Flagship 812161 Hotel Asha Inn,"BIDHANNAGAR, Kolkata",729,67%,195
412,Collection O Kyd Guest House Near Indian Museum,"700001, Kolkata",925,67%,209
413,Flagship Hotel Red Rose Near Noapara Metro Station,"Dum Dum, Kolkata",815,67%,74
414,OYO Townhouse 444 Heera Holiday Inn Near St. Thomas's Church,"51,Elliot Road Park Street Near Assembly Of God Church Adjacent 144668:1076985",811,67%,245
415,Flagship Swastik Inn Near South City Mall,"Poddar Nagar, Kolkata",1441,67%,260
416,OYO Flagship 76629 Bimla Regency Near Noapara Metro Station,"Police Station, Dum Dum, Kolkata",929,67%,604
417,OYO Flagship 812443 MRS Inn,"Sector III, Kolkata",1199,57%,3
418,OYO Padmavati Projects Pvt Ltd Near Netaji Subhash Chandra Bose International Airport,"Biswa Bangla Sarani Behind Binany Building, Chinar Park, Beside NPG Hotel, Nibedita Apartment , Kolkata 700157",2649,25%,6
419,OYO Pallyshree Guest House,"Jyangra Sani Mandir, Baguiati Jora Mandir Chinar Park VIP Road Raghunathpur, Kolkata International Airport",3149,25%,7
420,Oyo Townhouse 92944 Hotel Pan Asia International,"Jatin Das Road, Kolkata",1799,25%,144
421,OYO Flagship Hotel The Buddha Fooding And Lodging,"Near Samabayika Behala, Kolkata",1999,25%,7398
422,Super OYO Townhouse Hotel Vrindavan,"AA-027 Salt Lake Sector 1 1st Cross Road PNB Island Bus Stop Bidhannagar Ultadanga Kolkata 700064, West Bengal",3899,25%,7
423,Collection O Rest In Near Saltlake,"Near Newtown Bus stand , Kolkata",1799,25%,127
424,Flagship 78299 White Stone Hospitality,Aminia Restaurant Back Side Chinar Park Crossing Great Eastern Kolkata Airport,6099,25%,161
425,Collection O 812085 Hotel 7dayz Inn Near City Centre 2,"West Bengal, Kolkata",1799,25%,69
426,Collection O 812607 Hotel G.N Palace,"Bara Bazar, Kolkata",1664,25%,107
427,Flagship Divya Jyoti Inn Near RDB Cinemas,"AI 87 Street No 23 Action Area 1 Newtown, Rajarhat",4849,25%,77
428,OYO Flagship 70403 Chinar Inn,"Behind Shree Shree Bholanath Kali Temple, Kolkata",1699,25%,130
429,OYO Hotel Padmavati Near Netaji Subhash Chandra Bose International Airport,"Biswa Bangla Sarani Behind Binany Building, Chinar Park, Beside NPG Hotel, Nibedita Apartment , Kolkata 700157",1664,25%,24
430,OYO Flagship 81584 Hotel Swagatam,"Rajarhat, Kolkata",3699,25%,129
431,Collection O 64870 Hotel Holiday Science City,SANJHA CHULHA RESTAURANT SCIENCE CITY EM BYE PASS,3149,25%,1
432,OYO Comfort Stays,"Rajarhat, Kolkata",4299,25%,35
433,Flagship Heritage Inn Near City Centre Salt Lake,"Salt Lake, Kolkata",3799,25%,22
434,OYO Flagship 78267 City Inn,Avisar Spencer Kalikapur,4649,25%,16
435,Collection O 76651 Dovers Inn,"Opp Gariahat Police Station, Kolkata",2499,25%,23
436,Capital O Hotel Heritage Near VIP Road,"VIP Rd, Beside Spandhan Hospital, Raghunathpur, Tegharia Netaji International Airport, Rajarhat, Kolkata, West Bengal  700059",3749,25%,21
437,Collection O Tulsi Palace,", Kolkata",3249,25%,53
438,OYO Flagship 812166 Moon Regency ,"Sector 2, Kolkata",4749,25%,13
439,OYO Pratiksha Guest House Near City Centre Salt Lake,"Bangur Avenue Block B, Kolkata Kolkata West Bengal India 700055",3549,25%,23
440,Townhouse 1210 Brill Rooms Inn,"Action Area 1A, Kolkata",2499,25%,90
441,Collection o 82136 Elite Stay,AL283 Al block salt lake sector 2 KOLKATA.,3449,25%,9
442,OYO Flagship Trivedi Inn Near Ruby Hospital,"Kasba, Kolkata",4799,25%,1
443,Super OYO Flagship Mourigram Near Andul Rd,"Howrah, Kolkata",2499,25%,417
444,Flagship Sammy Hospitality,"Salt Lake, Kolkata",3499,25%,1248
445,Flagship Ankita Guest House,"Near Gst Bhawan, Kolkata",4299,25%,137
446,OYO Karunamoyee Guest House Near City Centre Salt Lake,"Karunamoyee Bus Terminal, Bidhannagar, Kolkata",2899,25%,200
447,OYO Smriti Villa Residency,"Sector IIInull, Kolkata",2149,25%,185
448,OYO Sima Inn Guest House Near City Centre Salt Lake,"Near Near Salt Lake, Sector 2, Kolkata",2199,25%,249
449,Flagship Chinar Heavens Near Netaji Subhash Chandra Bose International Airport,"AS/267, KAIKHALI, CHINAR PARK, P.O. - AIRPORT, KOLKATA - 700052",1849,25%,63
450,Flagship Scholars Motel  guest House) Near St. Thomas's Church,"Esplanade, Kolkata",2549,25%,1273
451,Flagship H B Guest House,"Near Ruby Hospital, Kolkata",2449,25%,2372
452,OYO Smriti Villa Near City Centre Salt Lake,"GD-138, GD MARKET, Near NIH, Salt Lake",2049,25%,4151
453,SPOT ON Swapna Guest House Near Birla Mandir,"1 No Hatgachia Dhapa Road Kolkata Behind Itc Sonar Bangla Hotel And Beside Milan Mela Prangan, Kolkata",2049,25%,1101
454,Flagship 7 Div Guest House Near City Centre Salt Lake,"CK 109 Near Saltlake Sector 2, 9 No Water Tank  Karunamayee Bus Stop",2499,25%,1995
455,Flagship New Silver Inn,"Near Tagore Park, Tijala, Kolkata",1699,25%,1762
456,Flagship Tinker Bell Near Acropolis Mall,"Mukundapur, Kolkata",3099,25%,1434
457,OYO Flagship Hotel Suleman Palace Near St. Thomas's Church,"Bux Lane, Kolkata",1999,25%,431
458,Flagship Rakhakali Guest House Fooding And Loding,"near Shalimar station ticket counter , Kolkata",2249,25%,165
459,Flagship Kajali Guest House Near Birla Mandir,"Near Bosepukur, Kasba, Kolkata",2499,25%,1004
,OYO Premium 529 Jasola Vihar,"Pocket-2, Jasola",2649,25%,888
,OYO Flagship 485 GK2 Savitri Cinema,"E Block,GK2",1899,25%,103
,OYO Flagship 573 Paharganj NDLS,"Arakashan Road, Paharganj",1199,25%,129
,OYO Flagship 513 Delhi Airport,"A Block,Mahipalpur Extension",3549,25%,798
,OYO Premium 055 New Friends Colony Ring Road,CV Raman Marg,2749,25%,2919
,OYO Rooms 658 Nehru Place 1,"E Block, East Of Kailash",2549,25%,943
,OYO Premium 210 Lodhi Road,Sunder Nagar,1599,25%,562
,OYO Rooms 632 Kalkaji Mandir,Kalkaji,1249,25%,709
,OYO Rooms 696 NH8 Mahipalpur,"Road 1, Mahipalpur",2399,25%,1086
,OYO Premium 241 Patel Nagar Metro Station,East Patel Nagar,3249,25%,1320
,OYO Rooms 010 Karol Bagh 1078,"Karol Bagh, New Delhi",3599,25%,2881
,OYO Rooms 689 Indira Gandhi International Airport,"Road No 1, Mahipalpur",2749,25%,140
,OYO Homes 459 New Friends Colony 2,"Second Floor (With Elevator), New Friends Colony ",2599,25%,7
,OYO Premium 033 New Friends Colony,CV Raman Marg,3599,25%,141
,OYO Premium 160 Saket Metro Station,Saket,2049,25%,141
,OYO Rooms 030 IGI Airport Aerocity,"National Highway No. 8, Mahipalpur",1949,25%,34
,OYO Rooms 142 Connaught Place 1,Connaught Circus,1149,25%,35
,OYO Rooms 257 Rajendra Place PUSA Circle,East Patel Nagar,1749,25%,428
,OYO Rooms 171 IGI Airport NH8,"National Highway 8, Near IGI Domestic Airport, Mahipalpur",1849,25%,394
,OYO Rooms 080 Executive IGI Airport,"Mahipalpur Extn, Near Airport, National Highway -8",2699,25%,621
,OYO Premium 182 Siri Fort Sports Complex,Anand Lok,3199,25%,158
,OYO Rooms 118 Vasant Vihar,Vasant vihar,2699,25%,42
,OYO Rooms 457 Azadpur Mandi Extension,Adarsh Nagar,3799,25%,61
,OYO Rooms 183 Opp IGI Airport Main Road,"N.H. 8, Near IGI Airport Road No. 1, Mahipalpur Extension , Mahipalpur",3299,25%,8
,OYO Premium 207 Greater Kailash 1,Greater Kailash 1,2499,25%,80
,OYO Homes 380 GTB Nagar,Kingsaway,2349,25%,343
,OYO Rooms 680 Jasola Pocket 1,Jasola Vihar,2299,25%,5
,OYO Premium 292 Lajpat Nagar Main Road,Lajpat Nagar 4,1849,25%,334
,OYO Rooms 144 CR Park,Outer Ring Road,1799,25%,55
,OYO Rooms 098 South Delhi,"Opposite Karnataka Bank, Kalkaji",1349,25%,195
,OYO Apartments 273 Dwarka Sector 12,Dwarka,1449,25%,209
,OYO Rooms 616 NDLS Gate Number 2,Desh Bandhu Gupta Road,1499,25%,74
,OYO Rooms 195 Patel Nagar Metro Station,East Patel Nagar,4649,25%,245
,OYO Rooms 128 Paschim Vihar District Park,Bhera Enclave,1649,25%,260
,OYO Rooms 613 Kirti Nagar-B&B,Kirti Nagar,1649,25%,604
,OYO Rooms 006 New Friends Colony,Near Bank of Baroda,3999,25%,3
,OYO Rooms 690 Okhla Near Fortis Hospital,"Jamia Nagar, Okhla",1699,25%,6
,OYO Rooms 509 Near Badarpur,"60 Feet Road, Pul Pehlad Pur",1899,25%,7
,OYO Premium 177 Defence Colony,Defence Colony,1399,25%,144
,OYO Rooms 329 8575 Arakashan Road,Arakashan Road,4199,25%,7398
,OYO Rooms 491 Mahipalpur NH8,"National Highway, NH8",2149,25%,7
,OYO Rooms 194 Next To IGI Airport Corporate Special,"Kapashera Extension, Bijwasan Road",3649,25%,127
,OYO Rooms 215 Gangaram Hospital,Old Rajendra Nagar,1249,25%,161
,OYO Rooms 212 Hauz Khas,Panchsheel Park South,1449,25%,69
,OYO Rooms 588 DB Gupta Road Near Flyover,Dariba Pan,2249,25%,107
,OYO Rooms 185 GK 1 Near M Block Market,Greater Kailash Part 1,3449,25%,77
,OYO Rooms 653 Near Kailash Colony Metro,Kailash Colony,2899,25%,130
,OYO Rooms 133 East of Kailash Extension,Opp Sapna Cinema,1599,25%,24
,OYO Rooms 486 IGI Airport Near Main Road,"Near Prem Motor Showroom, Adjoining Vasantkunj Road",2449,25%,129
,OYO Rooms 602 Chandi Wali Gali Paharganj,Near New Delhi Railway Station,1249,25%,1
,OYO Rooms 528 8A/50 Channa Market,"Channa Market, Karol Bagh",2099,25%,35
,OYO Premium 052 Jasola Apollo,Kalindi Kunj Road,1949,25%,22
,OYO Rooms 270 Nizamuddin Railway Station,Jangpura,1499,25%,16
,OYO Rooms 089 Kalkaji,Chittaranjan Park,2299,25%,23
,OYO Rooms 484 IGI Airport Hotel,NH8,1299,25%,104
,OYO Rooms 126 East of Kailash,Near Nehru Place,1599,25%,410
,OYO Rooms 272 Delhi English School Sector 21 Dwarka,Dwarka Sector 23,1699,25%,879
,OYO Rooms 567 Paharganj Near RK Ashram Metro,Near R.K. Ashram Metro Station,1449,25%,75
,OYO Rooms 599 Rajguru Road Paharganj 2,"Rajguru Road, Chuna Mandi",1449,25%,686
,OYO Rooms 300 IGI Airport 3,"Behind Prem Maruti Showroom, Mahipalpur",1349,25%,588
,OYO Rooms 641 Sector 7 Palam Extension,"Sector 7, Near Shree Makhan Sweet, Ramphal Chowk",1599,25%,1875
,OYO Premium 529 Jasola Vihar,"Pocket-2, Jasola",1849,25%,995
,OYO Premium 143 Rajouri Garden Janta Market,Rajouri Garden,1599,25%,1144
,OYO Rooms 565 Airport Travellers Delight,"Street No.7, Near IGI Airport, Mahipalpur",5049,25%,2051
,OYO Premium 220 East Of Kailash Extension,East of Kailash,3899,25%,644
,OYO Rooms 666 Nehru Place Near Metro Station,Nehru Enclave,3699,25%,34
,OYO Rooms 350 Delhi Gate,Darya Ganj,3449,25%,664
,OYO Premium 106 Paharganj,Paharganj,1799,25%,119
,OYO Rooms 044 Patel Nagar Delhi,East Patel Nagar,6099,25%,477
,OYO Rooms 671 Dabri Palam Road,Main Mahiveer Enclave in front of Sulabh International Dabri Palam Road,4999,25%,589
,OYO Rooms 553 Paharganj Flyover 1,"D.B. Gupta Road, Paharganj",3849,25%,470
,OYO Rooms 111 Paharganj 54,Paharganj,2349,25%,465
,OYO Rooms 105 Paharganj DB Gupta Road 2,Paharganj,3349,25%,711
,OYO Rooms 361 Paharganj Near Darbar Sweets,Pahar Ganj,5799,25%,16
,OYO Premium 532 GK1 M Block Market 1,Greater Kailash 1,3299,25%,2617
,OYO Rooms 027 Karol Bagh 8/41,Karol Bagh,2049,25%,3524
,OYO Rooms 358 Near Jasola Sports Complex,Jasola,2049,25%,253
,OYO Premium 236 Malviya Nagar Metro,Malviya Nagar,3349,25%,429
,OYO Homes 678 Jangpura Birbal Road,Jangpura Extension,3349,25%,1457
,OYO Apartments 561 Ramphal Chowk,"Palam Extension, Sector 7, Near Gold's Gym",3449,25%,1144
,OYO Rooms 038 Jamia River View,Jamia Nagar,3249,25%,74
,OYO Premium 483 Lajpat Nagar Ring Road 2,Ring Road,3299,25%,2664
,OYO Homes 382 Pitampura Metro Station,Road no 44,3149,25%,207
,OYO Premium 123 Hauz Khas,Safdarjung Enclave,2999,25%,562
,OYO Rooms 115 Main Bazar Paharganj,Near Imperial Cinema,2749,25%,709
,OYO Rooms 296 Railway Station Paharganj 2,Paharganj,2399,25%,1086
,OYO Homes 375 South Extension 1 H Block,South Extension - 1,2749,25%,1320
,OYO Rooms 297 PVR Saket,Saket,1699,25%,2881
,OYO Rooms 065 Janakpuri Near Dabri Mod,"Pankha Road,Dabri Mor",6849,25%,140
,OYO Rooms 136 Karol Bagh 5/25,Karolbagh,1999,25%,7
,OYO Rooms 396 Nirman Vihar Metro,Near Nirman Vihar Metro Station,1549,25%,141
,OYO Rooms 268 Gali Hari Mandir Paharganj,Paharganj,3549,25%,141
,OYO Rooms 277 Near Jhandewalan Metro,Karol Bagh,1099,25%,34
,OYO Premium 672 Paharganj Police Station,"Street No.1, Multani Dhanda, Paharganj",3999,25%,35
,OYO Rooms 043 Nehru Place Extension,Jasola,3299,25%,428
,OYO Rooms 683 Near T3 Airport Delhi,Kapashera,3749,25%,394
,OYO Rooms 596 Main Bazaar Paharganj Gali No 1,"Main Bazar, 6 Tooti Chowk",2549,25%,621
,OYO Rooms 609 Paharganj Near NDLS,"Ram Nagar, Street No.1",3849,25%,158
,OYO Rooms 266 7A/36 Channa Market Karol Bagh,Karol Bagh,3249,25%,42
,OYO Rooms 173 Paharganj Qutub Road,Ram Nagar,3749,25%,61
,OYO Rooms 173 Paharganj Qutub Road,Ram Nagar,5099,25%,8
,OYO Rooms 578 Karol Bagh 16/7 Arya Samaj Road,"Arya Samaj Road, Opposite Satbhrawan School",3499,25%,80
,OYO Rooms 230 Near RK Ashram Metro Paharganj,Paharganj,2949,25%,343
,OYO Rooms 626 DB Gupta NDLS,"Near Gate No 1, Opposite Sheila Cinema",3949,25%,5
,OYO Rooms 451 Gali No 3 Ram Nagar Paharganj,"Saran Building, Gali No. 3",4749,25%,334
,OYO Flagship 497 Green Park,"B Block, Safdarjung Enclave",2299,25%,55
,OYO Flagship 500 New Friends Colony,"Plot no. A-44, A Block, New Friends Colony, Delhi",3399,25%,195
,OYO Flagship 494 East of Kailash,"Plot no. E-301, E Block, East of Kailash, Delhi",3349,25%,209
,OYO Flagship 512 Safdarjung Enclave,"B Block, Safdurjung Enclave",3499,25%,74
,OYO Flagship 573 Paharganj NDLS,"Arakashan Road, Paharganj",1899,25%,245
,OYO Premium 526 Wazirpur Industrial Area,"Phase 2, Ashok Vihar, New Delhi",3399,25%,260
,OYO Rooms 610 Green Park Extension,Hauz Khas Village,4499,25%,604
,OYO Rooms 606 New Friends Colony 1,New Friends Colony,3199,25%,3
,OYO Rooms 699 North Campus,"Phase 2, Ashok Vihar",3399,25%,6
,OYO Premium 538 Hauz Khas Metro,"S Block, Panchsheel Park",4499,25%,7
,OYO Premium 336 Resort International Airport Delhi,Kapashera,4049,25%,144
,OYO Rooms 592 Deer Park,SFE,1349,25%,7398
,OYO Rooms 698 Paharganj NDLS,"Arakashan Road,Pahargankj",2649,25%,7
,OYO Rooms 697 Karol Bagh,"Desh Bandhu Gupta Road, Beadonpura, Karol Bagh",2399,25%,127
,OYO Flagship 551 Karol Bagh,"Next to Baptist Church,D.B Gupta Road, Near Police Station, Karol Bagh",2599,25%,161
,OYO Flagship 551 Karol Bagh,"Next to Baptist Church,D.B Gupta Road, Near Police Station, Karol Bagh",2449,25%,69
,OYO Rooms 676 Safdarjung Enclave 2,"B Block, Safdurjung Enclave",4199,25%,107
,OYO Rooms 591 Hauz Khas Village,SDA,2249,25%,77
,OYO Rooms 555 Pitampura,"Rajdhani Enclave,Pitampura",3099,25%,130
,OYO Rooms 545 Rohini Pitampura,"Saraswati Vihar, Pitampura",3399,25%,24
,OYO Rooms 547 Paschim Vihar 2,"Paschim Enclave, Nh-10",5649,25%,129
,OYO Rooms 354 GK2 M Block Market,"E Block,Greater Kailash II",3849,25%,1
,OYO Rooms 498 South Ex Market,"C Block, South Extension 1",2099,25%,35
,OYO Premium 608 GK2 M Block Market,"Ground Floor, Greater Kailash II, Road No. 10, Near M Block Market",3599,25%,22
,OYO Rooms 010 Karol Bagh 1078,"Karol Bagh, New Delhi",3399,25%,16
,OYO Premium 208 GK 1 M Block Market,Greater Kailash,2549,25%,23
,OYO Rooms 091 WEA Karol Bagh,Karol Bagh,3049,25%,104
,OYO Rooms 124 Kirti Nagar,Kirti Nagar,3599,25%,588
,OYO Premium 404 International Airport Terminal 3 Extension,"A Block, Mahipalpur Extension, NH8, New",2199,25%,1875
,OYO Rooms 039 Near Qutub Road Arya Nagar Paharganj,Paharganj,3049,25%,995
,OYO Homes 330 New Friends Colony,Friends Colony East,2299,25%,1144
,OYO Premium 081 Domestic Airport Delhi,"Khasara No.395, Vasant Kunj Road, Mahipalpur",2149,25%,2051
,OYO Rooms 031 Near IGI Airport Aerocity,"National Highway No. 8, Mahipalpur",2549,25%,644
,OYO Rooms 437 North Campus,"Opposite Parmarth Hospital, Above Allahabad Bank",4949,25%,34
,OYO Rooms 541 Dwarka Sector 13 Metro Station,"Sector 13, Dwarka",2199,25%,664
,OYO Rooms 079 Delhi International Airport,"Mahipalpur Extn, Near Airport, National Highway -8",3399,25%,119
,OYO Rooms 190 Opp IGI Airport,"NH 8, Near IGI Airport Road No. 1, Mahipalpur Extension",1649,25%,477
,OYO Rooms 506 GK 1 Market,Greater Kailash 1,1799,25%,589
,OYO Rooms 540 Near Pitampura Metro,Dakshini Pitampura,1649,25%,470
,OYO Rooms 051 New Friends Colony Market,New Friends Colony,3799,25%,465
,OYO Premium 586 Near Meera Bagh,"Outer Ring Road, Meera Bagh",1649,25%,711
,OYO Premium 311 Ring Road GK1 2,Greater Kailash 1,2299,25%,16
,OYO Rooms 028 Friends Hospital NFC,Maharani Bagh,2049,25%,2617
,OYO Rooms 082 Patel Nagar Main Market,Main Market,1699,25%,3524
,OYO Premium 510 International Airport Terminal 3,Opposite Kapashera Police Station Kapashera,1799,25%,253
,OYO Rooms 566 Saket J Block,"Opposite J Block Market, Saket",5999,25%,429
,OYO Rooms 157 Delhi Airport 2,"Opposite Indra Gandhi International Airport, Mahipalpur Extension, NH-8",1599,25%,1457
,OYO Rooms 184 Aerodrome Near IGI Airport,"Mahipalpur, NH-8, Near IGI Airport",2299,25%,1144
,OYO Premium 069 Patel Nagar,Metro Pillar No. 162,2049,25%,74
,OYO Rooms 524 International Airport Delhi,"A Block, N.H.8, Mahipalpur New",1599,25%,2664
,OYO Rooms 205 Dwarka Sector 12 Metro Station,Dwarka,3799,25%,207
,OYO Premium 405 GK1 Near M Block Market,Greater Kailash -1,2049,25%,1360
,OYO Rooms 535 Chattarpur,Chandan Hola,4199,25%,69
,OYO Rooms 321 Near RK Ashram Metro Station 3,Paharganj,1799,25%,2655
,OYO Rooms 219 Grace Church NFC,Kirokli,2999,25%,360
,OYO Rooms 170 Shadipur Metro Station,West Patel Nagar,2999,25%,1675
,OYO Rooms 365 Indra Gandhi Airport Main Road,"Next to Hotel Radisson, Near IGI Airport, Rangpuri",2599,25%,1342
,OYO Rooms 088 East Patel Nagar,Near Metro Pillar No.161,1299,25%,957
,OYO Premium 407 South Delhi Grand Stay,Aruna Asaf Ali Marg,3749,25%,1603
,OYO Rooms 014 New Friends Colony Crossroad,CV Raman Marg,1399,25%,494
,OYO Rooms 560 Vasant Vihar 2,Rao Tula Ram Marg,2749,25%,1965
,OYO Homes 520 GK 1 M Block Market,Greater Kailash 1,1199,25%,1271
,OYO Elite 557 Panchsheel Enclave,Panchshila Park,1349,25%,2655
,OYO Rooms 253 New Friends Colony 2,New Friends colony,3349,25%,644
,OYO Rooms 169 Near DPS Vasantkunj,Vasant Kunj,1949,25%,1603
,OYO Rooms 585 Near Sector 10 Metro Dwarka,"Sector 10 Dwarka, In front of metro station",1099,25%,207
,OYO Homes 275 Saket J Block,Saket,3549,25%,1682
,OYO Premium 534 Dwarka Near Ramphal Chowk,Dwarka Palam Road,2249,25%,60
,OYO Rooms 145 Paschim Vihar,Rohtak Road,1699,25%,1337
,OYO Rooms 249 Nehru Place Flyover,Greater Kailash 1,2399,25%,1342
,OYO Rooms 280 J Block Vikaspuri Delhi,Vikaspuri,5099,25%,1393
,OYO Homes 110 Jangpura Ext,Jangpura Extension,1249,25%,494
,OYO Rooms 204 Rajendra Place Metro Station,East Patel Nagar,1599,25%,299
,OYO Rooms 518 ZION Church Patel Nagar,East Patel nagar,1599,25%,1360
,OYO Rooms 263 PVR Vikas Puri,Vikas Puri,1799,25%,1271
,OYO Premium 232 Jasola Near DLF Tower,Jasola,1249,25%,352
,OYO Apartments 273 Dwarka Sector 12,Dwarka,1949,25%,358
,OYO Premium 187 Hari Nagar,Hari Nagar,2099,25%,17
,OYO Rooms 057 Dwarka Sector 19,Dwarka,6149,25%,332
,OYO Homes 456 Rani Bagh,Rani Bagh,1349,25%,1061
,OYO Rooms 480 IGI Airport 4,"Road no 2, Mahipalpur",1449,25%,1013
,OYO Premium 129 Dwarka Sector 7,Dwarka,3799,25%,1549
,OYO Homes 438 Janakpuri,Janak Puri,3549,25%,1337
,OYO Premium 050 Jasola DAV,Jasola,2099,25%,663
,OYO Rooms 203 llahi Bux Marg Karol Bagh,Karol Bagh,4399,25%,1983
,OYO Rooms 351 Saraswati Marg Karol Bagh,Saraswati Marg,1499,25%,416
,OYO Homes 501 Vasant Kunj Near Fortis,Shanti Kunj,1199,25%,299
,OYO Premium 559 Connaught Place Travellers Delight,Connaught Circus,1899,25%,1488
,OYO Rooms 522 Karol Bagh 17A-13 Gurudwara Road,Karol Bagh,3699,25%,52
,OYO Rooms 216 Ministry of Rural Development Delhi,East Patel Nagar,1449,25%,60
,OYO Rooms 026 Karol Bagh,Karol Bagh,2199,25%,807
,OYO Rooms 271 Near Hanuman Statue Karol Bagh,Karol Bagh,1349,25%,795
,OYO Premium 165 Rajouri Garden Metro Station,Rajouri Garden,3949,25%,160
,OYO Rooms 313 Channa Market 14A/4 Karol Bagh,Karol Bagh,2049,25%,1653
,OYO Rooms 078 Ring Road GK1,Near Nehru Place,1449,25%,593
,OYO Rooms 174 New Delhi Railway Station 2,Ram Nagar,2349,25%,352
,OYO Premium 546 Green Park Metro,Near Green Park Metro,1899,25%,358
,OYO Rooms 085 Hauz Khas District Park,Safdarjung Enclave,2999,25%,372
,OYO Rooms 301 Vasant Kunj Near DPS,Opposite DPS School Gate No. 1,1849,25%,707
,OYO Rooms 530 Krishna Gali Near NDLS Gate 1,"Near New Delhi Railway Station, Paharganj",749,25%,887
,OYO Premium 137 Dwarka Sector 12,Dwarka,1349,25%,993
,OYO Rooms 314 10174/1 Gurudwara Road Karol Bagh,Karol Bagh,2549,25%,630
,OYO Rooms 653 Near Kailash Colony Metro,Kailash Colony,1649,25%,1061
,OYO Rooms 108 Near Karol Bagh Metro Station 1,Karol Bagh,1299,25%,822
,OYO Rooms 580 Karol Bagh 17A/59,"WEA, Karol Bag, Near RBL Bank",1549,25%,353
,OYO Premium 239 Near Rajendra Nagar Metro Station,New Rajinder Nagar,1499,25%,202
,OYO Rooms 574 Near Kirti Nagar,Near Kirti Nagar Police Station,1099,25%,332
,OYO Rooms 342 Near RK Ashram Metro Station 4,"Main Bazaar, Main Bazar Road, Paharganj",3449,25%,126
,OYO Premium 141 Anand Vihar 2,Near Karkardooma Metro Station,1399,25%,39
,OYO Rooms 209 Karol Bagh 13A/22,Karol Bagh,1999,25%,318
,OYO Rooms 455 Near Karol Bagh Metro Station 2,Karol Bagh,3799,25%,432
,OYO Rooms 147 Karol Bagh 14A/7,Karol Bagh,2799,25%,59
,OYO Premium 582 Pitampura,"Near Kohat Enclave Metro Station, Opposite Metro Pillar No. 332",2649,25%,178
,OYO Rooms 343 Main Bazar Paharganj 4350,"Kaseru Walan, Paharganj",2149,25%,854
,OYO Homes 328 Chhatarpur,"Maidan Garhi Road,Chattarpur",2749,25%,923
,OYO Rooms 226 Near Jhandewalan Metro 1,Karol Bagh,2649,25%,244
,OYO Rooms 265 Balaji Mandir Karol Bagh,Karol Bagh,4099,25%,926
,OYO Rooms 255 Karol Bagh Saraswati Marg,Karol Bagh,1849,25%,38
,OYO Rooms 274 Dwarka Sector 7,"Ramphal Chowk, Dwarka",1099,25%,750
,OYO Rooms 445 Saket Metro,Saiyad ul Ajaib,2999,25%,586
,OYO Premium 140 Connaught Place,Barakhamba,2399,25%,588
,OYO Rooms 332 New Delhi Railway Station Paharganj,"Kaseru Walan, Paharganj",1749,25%,2
,OYO Homes 508 G Block Saket,Saket,1849,25%,675
,OYO Premium 334 Naraina,Naraina Vihar,1499,25%,240
,OYO Premium 234 Paschim Vihar,Paschim Vihar,1949,25%,917
,OYO Homes 318 Kalkaji E Block,Kalkaji,1649,25%,1393
,OYO Premium 564 Nehru Place Ring Road,Nehru Place,1399,25%,225
,OYO Rooms 228 Near RK Ashram Metro Station 2,Paharganj,1549,25%,102
,OYO Apartments 202 Saket Extension,"Near Malkhan Singh Marg, Street no.16",2049,25%,179
,OYO Rooms 093 Kalkaji Mandir Delhi,Kalkaji,2449,25%,6
,OYO Premium 008 IGI Airport Link Road,"Mahipalpur, NH -8, Near IGI Airport, Delhi Gurgaon Expy, Block RZ, Mahipalpur Village",4449,25%,278
,OYO Rooms 629 New Rohtak Road Karol Bagh,"Rohtak Road, Karol Bagh",1899,25%,28
,OYO Rooms 319 IGI Airport Near Fun N Food Village,"Kapashera Road, Bijwasan",2349,25%,164
,OYO Rooms 119 New Delhi Railway Station,Paharganj,1349,25%,1044
,OYO Premium 189 GK 1 R Block,Greater Kailash Part - 1,2099,25%,20
,OYO Rooms 094 Karol Bagh 53/1,Karol Bagh,1899,25%,568
,OYO Rooms 097 Gaffar Market Karol Bagh,"Karol Bagh, New Delhi",1299,25%,373
,OYO Premium 386 Rajguru Road Paharganj,CHUNA MANDI,3199,25%,1086
,OYO Rooms 492 Ramphal Chowk Dwarka,Sector-7,1999,25%,1158
,OYO Rooms 130 Nizamuddin Railway Station 2,Hazrat Nizamuddin West,2599,25%,1013
,OYO Rooms 641 Sector 7 Palam Extension,"Sector 7, Near Shree Makhan Sweet, Ramphal Chowk",1999,25%,771
,OYO Rooms 298 38 Arakashan Road Pahar Ganj,Arakshan Road,2799,25%,769
,OYO Rooms 604 DB Gupta Main Road 1,"DB Gupta Road, Pahar Ganj Bridge",3299,25%,93
,OYO Rooms 176 Defence Colony A Block,Defence colony,1549,25%,223
,OYO Rooms 502 Ramphal Chowk Sector 7,"Ramphal Chowk, Sector 7 Dwarka",2399,25%,20
,OYO Rooms 663 Elahi Bux Road Karol Bagh,Karol Bagh,1699,25%,278
,OYO Rooms 444 Near Karol Bagh Metro Station 5,Karol Bagh,2099,25%,75
,OYO Rooms 605 Near Shiela Cinema Paharganj,"1B, Arakashan Road",2049,25%,14
,OYO Rooms 379 New Delhi Station Gate 1,"Opposite New Delhi Railway Station, Paharganj",1399,25%,27
,OYO Rooms 217 Lajpat Nagar Market,Lajpat Nagar,2449,25%,132
,OYO Rooms 323 Mahipalpur,"Road No.-6, Mahipalpur, Road No 6",1349,25%,191
,OYO Homes 291 Dwarka Sector 19,Dwarka,2049,25%,263
,OYO Premium 531 Green Park 2,Green Park,1299,25%,262
,OYO Rooms 461 Kalkaji F Block,Kalkji Main Road,1999,25%,6
,OYO Rooms 163 Rohini Near M2K,Main Road Naharpur Village,2549,25%,9
,OYO Homes 558 Chattarpur Near Tivoli,"Next To Primary School, Satbari Chattarpur",2799,25%,62
,OYO Premium 261 Karol Bagh Metro Station 3,Karol Bagh,3599,25%,123
,OYO Homes 367 Greater Kailash M Block Market 2,New Delhi,1199,25%,1
,OYO Premium 029 Siri Fort Road,Sadiq Nagar,1799,25%,3577
,OYO Rooms 152 Karol Bagh Bikanerwala,"Gurudwara Road, Karol Bagh",2299,25%,138
,OYO Rooms 312 Near New Delhi Railway Station,Opp. Shiela Cinema,4149,25%,115
,OYO Homes 460 GK 2 Main Road,Greater Kailash II,1599,25%,270
,OYO Rooms 138 Vasant Kunj 1,Masoodpur Vasant Kunj,2349,25%,2846
,OYO Rooms 433 Jangpura,"Masjid Road, Jangpura Bhogal",3699,25%,72
,OYO Premium 086 Karol Bagh Metro,Karol Bagh,1399,25%,22
,OYO Rooms 674 Karol Bagh Saraswati Marg 2,"Karol Bagh, New Delhi",2499,25%,352
,OYO Rooms 348 Near Mahipalpur Bypass,"Road No 6, Mahipalpur, Mahipalpur, International Airport Zone",1399,25%,1215
,OYO Rooms 358 Near Jasola Sports Complex,Jasola,3199,25%,3
,OYO Rooms 611 Main Bazaar 1575 Paharganj,"Main Bazar, Paharganj",3549,25%,2
,OYO Rooms 337 Arya Nagar Paharganj,D.B. Gupta Road,1949,25%,2
,OYO Rooms 075 Fortis Vasant Kunj,Vasant Kunj,2549,25%,1
,OYO Premium 240 Paharganj Near NDLS,Pahar Ganj,1049,25%,34
,OYO Rooms 045 Connaught Place G Block,Connaught Place,1499,25%,7286
,OYO Rooms 090 CR Park Outer Ring Road,CR Park,3549,25%,324
,OYO Homes 310 Shivalik Road Malviya Nagar,Near Aurobindo College,2099,25%,61
,OYO Rooms 104 Paharganj Railway Station,Pahar Ganj,2299,25%,864
,OYO Rooms 677 Kamla Nagar,Kamla Nagar,1999,30%,848
,OYO Rooms 306 Karol Bagh 7A/39,Channa Market,2999,25%,4273
,OYO Rooms 493 Krishna Gali Near NDLS,"Krishna Gali, Ghee Mandi, Near New Delhi Railway Station Paharganj",3649,25%,170
,OYO Rooms 125 Pitampura I,Pitampura,2599,25%,249
,OYO Premium 083 Karol Bagh Metro Station,Karol Bagh,1599,25%,735
,OYO Rooms 316 Kalkaji M Block,"M Block, Kalkaji",1949,25%,427
,OYO Homes 325 AIIMS,Arjun Nagar,2299,25%,180
,OYO Rooms 040 AIIMS,Opposite AIIMS Trauma Centre,2249,25%,75
,OYO Premium 473 International Airport Main Road,"NH8, Mahipalpur",3549,77%,23
,OYO Rooms 368 Block 11A Channa Market Karol Bagh,"W.E.A, Channa Market, Karol Bagh",2099,67%,49
,OYO Premium 603 Red Fort,"Opposite Happy School, Daryaganj",2299,67%,342
,OYO Rooms 340 Hazrat Nizamuddin Railway Station,Jangpura B,1999,73%,168
,OYO Homes 441 Janakpuri West Metro Station,Opposite Savitri Market,2999,67%,2171
,OYO Premium 068 Karol Bagh,Near By Karol Bagh Police Station / HDFC bank,3649,67%,1289
,OYO Rooms 406 Railway Station Paharganj 4,Arakashan Road,2599,67%,769
,OYO Homes 101 GK N Block Market,"Greater Kailash-1, New Delhi",1599,70%,610
,OYO Rooms 293 Jhandewalan Metro Station 3,Karol Bagh,1949,73%,545
,OYO Premium 019 Dwarka Near Airport,"Aditya Enclave, Dwarka",2299,67%,1807
,OYO Rooms 542 Bhogal Jangpura,"Church Road, Jungpura, Bhogal",2249,66%,103
,OYO Rooms 552 GK2 M Block Market Extension,Greater Kailash-2,1799,67%,15
,OYO Rooms 381 Kailash Colony Metro 2,East of Kailash,2299,72%,118
,OYO Rooms 264 Rajouri Garden Metro Station 2,Rajouri Garden,4149,65%,17
,OYO Premium 458 GT Karnal Road,Alipur,1599,67%,11
,OYO Rooms 597 Hari Mandir Gali Paharganj,Gali Hari Mandir,2349,65%,148
,OYO Rooms 385 Karol Bagh 12A/24,"Saraswati Marg, West Extension Area, Karol Bagh",3699,67%,43
,OYO Homes 369 South Extension 1,South Extension 1,1399,67%,7
,OYO Premium 581 Karol Bag Pusa Road,"Gurudwara Road, Opposite Jessa Ram Hospital",2499,67%,62
,OYO Rooms 548 New Delhi Junction,"Arakashan Road, Paharganj",1399,67%,4
,OYO Rooms 288 Dwarka Sector 12 City Centre,Dwarka,3199,67%,36
,OYO Premium 155 Safdarjung,Green Park Main,3549,67%,65
,OYO Rooms 572 DB Gupta Road Karol Bagh 2,"D.B. Gupta Road, Karol Bagh",1949,67%,17
,OYO Rooms 562 Pitampura Madhuban Chowk,Pitampura,2549,67%,28
,OYO Rooms 258 Karol Bagh Metro Station 4,Karol Bagh,1049,67%,2
,OYO Premium 687 Naraina Industrial Area,Naraina Vihar,1499,67%,913
,OYO Rooms 168 Green Park,Hauz Khas,1849,70%,325
,OYO Rooms 179 Kashmere Gate,Kashmere Gate,1099,67%,310
,OYO Premium 172 Laxmi Nagar,Laxmi Nagar,2999,64%,28
,OYO Rooms 523 Karol Bagh WEA Saraswati Marg 4/39,"Saraswati Marg, Karol Bagh",2399,65%,197
,OYO Rooms 259 Rajguru Road Paharganj,Paharganj,1749,69%,102
,OYO Premium 594 Malviya Nagar A Block,Shivalik Road,1849,66%,1036
,OYO Homes 446 Kailash Colony Main Market,Kailash Colony,1499,25%,992
,OYO Rooms 096 Vasant Kunj 2,New Delhi,1949,25%,3198
,OYO Premium 335 Model Town Delhi,Bhama Shah Marg,1649,25%,62
,OYO Rooms 490 Jantar Mantar Delhi,Jai Singh Road,1399,25%,4
,OYO Rooms 188 Safdarjung Enclave,Safdarjung Enclave,1549,77%,36
,OYO Premium 346 Connaught Place 2,Connaught Place,2049,67%,65
,OYO Rooms 167 Safdarjung Extension,Safdarjung,2449,67%,17
,OYO Rooms 222 Karol Bagh Metro Station 3,Karol Bagh,4449,73%,28
,OYO Rooms 398 South Extension 2,South Extension-ll,1899,67%,2
,OYO Rooms 516 Shakti Vihar Pitampura,Pitampura,2349,67%,913
